id,county,name,phone_number,address,rating,reviews,distance_miles
1,Berkeley,2A Rentals,(304) 620-5305,"5078 Williamsport Pike # F, Martinsburg, WV 25404, United States",,0,6.3
2,Berkeley,81 Self Storage Park,(304) 274-0061,"5696 Williamsport Pike, Martinsburg, WV 25404, United States",4.2,5,6.9
3,Berkeley,Accela Worldwide Solutions Inc,(304) 262-0006,"328 Railroad Dr, Martinsburg, WV 25404, United States",4,9,4.0
4,Berkeley,All Points Warehouse,(540) 662-2270,"185 Cole Ln, Winchester, VA 22602, United States",4.5,33,20.6
5,Berkeley,BCI Self Storage,(304) 244-1767,"5295 Williamsport Pike, Martinsburg, WV 25404, United States",,0,6.5
6,Berkeley,Baker Heights Self Storage,(304) 262-8878,"335 Van Clevesville Rd, Martinsburg, WV 25405, United States",4.7,12,3.3
7,Berkeley,Beaver Creek Storage - Eldridge Drive,(301) 791-7852,"915 Eldridge Dr, Hagerstown, MD 21740, United States",4.7,30,18.0
8,Berkeley,Blue and Gold Self Storage,(304) 249-8303,"874 Cheshire Rd, Bunker Hill, WV 25413, United States",5,2,8.6
9,Berkeley,Charlestown Road Self Storage,(717) 597-9092,"7249 Charlestown Rd, Mercersburg, PA 17236, United States",4.3,6,24.9
10,Berkeley,Clearbrook Storage LLC,(540) 722-1040,"4170 Martinsburg Pike, Clear Brook, VA 22624, United States",4.8,12,14.1
11,Berkeley,Cupp's Automotive,(304) 267-2280,"201 Wilson St, Martinsburg, WV 25401, United States",4.3,254,0.8
12,Berkeley,DJ Moving Pros,(240) 382-2229,"204 Piedmont Way, Martinsburg, WV 25404, United States",4.6,59,7.8
13,Berkeley,Ecolab Warehouse,(304) 264-4258,"621 Mid Atlantic Pkwy, Martinsburg, WV 25404, United States",3.8,36,2.9
14,Berkeley,Extra Space Storage,(540) 227-6114,"341 Gateway Dr, Winchester, VA 22603, United States",4.9,516,20.6
15,Berkeley,"Grapevine Self Storage, LLC",(304) 267-5959,"61 B Striper Dr, Martinsburg, WV 25405, United States",4.1,33,1.7
16,Berkeley,Gray's Mini Storage,(304) 676-7475,"160 Alec Ln, Martinsburg, WV 25404, United States",,0,3.0
17,Berkeley,Halfway Self Storage,(301) 582-2700,"17314 Virginia Ave, Hagerstown, MD 21740, United States",4.4,9,15.2
18,Berkeley,HaulerBoys LLC,(540) 247-4538,"1994 Wide Horizon Blvd, Kearneysville, WV 25430, United States",5,72,8.0
19,Berkeley,Hedgesville Storage Bins,(304) 754-6090,"840 Cumbo Rd, Martinsburg, WV 25403, United States",4.7,17,5.2
20,Berkeley,Heritage Self Storage,(304) 350-7416,"3024 Charles Town Rd, Kearneysville, WV 25430, United States",5,20,4.1
21,Berkeley,Hunter Safe Services,(301) 418-1833,"427 Oak Grove School Rd, Hedgesville, WV 25427, United States",5,21,7.8
22,Berkeley,Interstate Mini Storage,(304) 229-8787,"4131 Gerrardstown Rd, Inwood, WV 25428, United States",5,3,8.3
23,Berkeley,JBGstorage.com,(304) 268-1351,"12204 Winchester Ave, Bunker Hill, WV 25413, United States",,0,12.2
24,Berkeley,Knobley Mountain Portable Sheds,(304) 263-8245,"1000 Eclipse Court, Martinsburg, WV 25404, United States",5,3,1.1
25,Berkeley,LH Mobile Storage LLC,(304) 264-8642,"615 Packhorse Ford Rd, Martinsburg, WV 25405, United States",3.9,8,3.0
26,Berkeley,Leatherman's Self Storage,(304) 274-0655,"100 Roaring Lion Dr, Hedgesville, WV 25427, United States",4,10,6.1
27,Berkeley,Leatherman's Self Storage Berkeley Station,(304) 274-2791,"54 Berkeley Station Rd, Martinsburg, WV 25404, United States",4,6,3.0
28,Berkeley,Leatherman's/Falling Waters Campsite,(304) 274-2791,"7685 Williamsport Pike, Falling Waters, WV 25419, United States",4,168,8.8
29,Berkeley,Macy's Logistics,(304) 901-3100,"333 Caperton Blvd, Martinsburg, WV 25403, United States",3.6,365,4.2
30,Berkeley,Mama's Movers,(304) 433-6855,"Winchester Ave, Martinsburg, WV 25401, United States",4.4,100,1.3
31,Berkeley,Midway Self Storage LLC,(304) 264-6977,"1496 Files Cross Rd, Martinsburg, WV 25404, United States",4.5,15,4.3
32,Berkeley,Mountain View Storage,(304) 886-0343,"99 School House Dr, Hedgesville, WV 25427, United States",4.7,7,6.8
33,Berkeley,North Spring Mills Self-Storage,(304) 274-5158,"1059 T J Jackson Dr, Falling Waters, WV 25419, United States",4,4,6.6
34,Berkeley,PSI Mini Storage,(304) 263-3390,"854 Hedgesville Rd, Martinsburg, WV 25403, United States",3.3,14,3.1
35,Berkeley,Parker’s Carz,(703) 713-2064,"3199 Winchester Ave, Martinsburg, WV 25405, United States",3.7,3,3.3
36,Berkeley,Penske Truck Rental,(304) 262-8114,"3 Sue Ct, Martinsburg, WV 25405, United States",4.2,10,2.0
37,Berkeley,Pine Creek Structures,(304) 274-5014,"5446 Williamsport Pike, Martinsburg, WV 25404, United States",4.7,26,6.7
38,Berkeley,Quad Graphics WV Annex,(304) 260-7600,"891 Auto Parts Pl, Martinsburg, WV 25403, United States",3.3,209,3.1
39,Berkeley,Rental Properties Inc,(304) 274-1920,"1250 Edwin Miller Blvd, Martinsburg, WV 25404, United States",1,1,1.4
40,Berkeley,Ridgeway Self Storage,(304) 229-8900,"63 Explosive Pl, Bunker Hill, WV 25413, United States",4.4,93,10.1
41,Berkeley,Rooster's Amish Sheds,(304) 262-8222,"67 Explosive Pl, Bunker Hill, WV 25413, United States",4.1,19,10.0
42,Berkeley,Rust-Oleum Distribution Center,(301) 223-2700,"891 Auto Parts Pl Suite A-2, Martinsburg, WV 25403, United States",4,128,3.2
43,Berkeley,Safe Store Self Storage,(304) 596-6222,"2159 Winchester Ave A, Martinsburg, WV 25405, United States",4.6,47,2.2
44,Berkeley,Sand Castle Self Storage LLC,(304) 260-9020,"80 Cedar Ln, Martinsburg, WV 25401, United States",3,1,5.3
45,Berkeley,SecureLoc Self Storage,(240) 205-0505,"775 Frederick St, Hagerstown, MD 21740, United States",5,29,17.7
46,Berkeley,Self Storage Plus,(681) 247-5968,"24 Virginia Ave Ext, Martinsburg, WV 25401, United States",4.6,211,1.3
47,Berkeley,Self Storage Plus,(304) 596-2542,"79 Sopwith Way, Martinsburg, WV 25401, United States",4.6,204,0.9
48,Berkeley,Self Storage Plus,(301) 223-9100,"472 S Artizan St, Williamsport, MD 21795, United States",4.7,161,12.0
49,Berkeley,Self Storage Plus,(304) 229-0918,"6558 Winchester Ave, Inwood, WV 25428, United States",4.7,202,6.6
50,Berkeley,Self Storage Plus,(304) 267-8177,"78 Delia Wy, Martinsburg, WV 25405, United States",4.7,239,4.7
51,Berkeley,Self Storage Plus,(304) 263-6000,"2006 Williamsport Pike, Martinsburg, WV 25404, United States",4.6,334,3.3
52,Berkeley,Self Storage Plus,(304) 427-5064,"37 Triamigas Dr, Martinsburg, WV 25404, United States",4.5,132,1.7
53,Berkeley,Self Storage Plus,(304) 867-4029,"2054 Williamsport Pike, Martinsburg, WV 25404, United States",4.2,16,3.3
54,Berkeley,Self Storage Plus,(304) 267-8177,"2848 Winchester Ave, Martinsburg, WV 25405, United States",5,4,2.9
55,Berkeley,Self Storage Plus,(301) 582-0411,"17100 Cole Rd, Hagerstown, MD 21740, United States",4.7,282,15.4
56,Berkeley,Self Storage Plus,(301) 790-0400,"17705 W Washington St, Hagerstown, MD 21740, United States",4.7,342,17.2
57,Berkeley,Self Storage Plus,(301) 791-4563,"201 All Star Ct, Hagerstown, MD 21740, United States",4.8,288,17.8
58,Berkeley,Self Storage Plus,(240) 420-0999,"19813 Leitersburg Pike, Hagerstown, MD 21742, United States",4.8,171,21.6
59,Berkeley,Shanghai Storage,(304) 671-2771,"478 Tuscarora Pike, Hedgesville, WV 25427, United States",3,2,8.7
60,Berkeley,Shenandoah Truck Rental,(540) 667-9066,"360 Welltown Rd, Winchester, VA 22603, United States",5,8,18.7
61,Berkeley,South Berkeley Self Storage,(304) 229-2815,"321 Middleway Pike, Inwood, WV 25428, United States",4.8,19,7.9
62,Berkeley,Spring Mills Self Storage,(304) 274-5158,"1176 T J Jackson Dr Suite C, Falling Waters, WV 25419, United States",4.4,16,6.7
63,Berkeley,Stonewall Mini Storage,(540) 665-8174,"120 Lenoir Dr, Winchester, VA 22603, United States",4.6,12,19.0
64,Berkeley,Storage Rentals of America,(540) 501-6750,"689 Old Charles Town Rd, Stephenson, VA 22656, United States",4.8,264,17.2
65,Berkeley,Trailer Hitches at U-Haul,(301) 790-1800,"18315 Shawley Dr, Hagerstown, MD 21740, United States",5,1,20.2
66,Berkeley,Trailer Rental at U-Haul,(301) 790-1800,"18315 Shawley Dr, Hagerstown, MD 21740, United States",5,1,20.2
67,Berkeley,U-Box at U-Haul,(301) 790-1800,"18315 Shawley Dr, Hagerstown, MD 21740, United States",5,1,20.2
68,Berkeley,U-Haul Moving & Trailer Hitch Center of Hagerstown,(301) 790-1800,"18315 Shawley Dr, Hagerstown, MD 21740, United States",3.3,87,20.2
69,Berkeley,U-Haul Neighborhood Dealer,(304) 262-2482,"201 Wilson St, Martinsburg, WV 25401, United States",3.9,38,0.9
70,Berkeley,U-Haul Neighborhood Dealer,(304) 263-2580,"736 Williamsport Pike, Martinsburg, WV 25404, United States",3.7,35,2.0
71,Berkeley,U-Haul Neighborhood Dealer,(304) 262-6093,"1316 Edwin Miller Blvd, Martinsburg, WV 25404, United States",4,12,1.6
72,Berkeley,U-Haul Neighborhood Dealer,(304) 707-3016,"1203 N Queen St, Martinsburg, WV 25404, United States",3.7,3,1.1
73,Berkeley,U-Haul Neighborhood Dealer,(304) 229-6471,"12828 Winchester Ave, Bunker Hill, WV 25413, United States",4,8,12.8
74,Berkeley,U-Haul Neighborhood Dealer,(304) 754-5983,"6810 Hedgesville Rd, Hedgesville, WV 25427, United States",,0,7.5
75,Berkeley,U-Haul Neighborhood Dealer,(304) 262-0421,"854 Hedgesville Rd, Martinsburg, WV 25401, United States",2.4,9,3.1
76,Berkeley,U-Haul Neighborhood Dealer,(304) 229-4848,"7362 A Winchester Ave, Inwood, WV 25428, United States",,0,7.4
77,Berkeley,U-Haul Neighborhood Dealer,(304) 821-3079,"874 Cheshire Rd, Bunker Hill, WV 25413, United States",4.3,6,8.6
78,Berkeley,U-Haul Neighborhood Dealer,(304) 579-8978,"732 Foxcroft Ave, Martinsburg, WV 25401, United States",1,1,1.3
79,Berkeley,U-Haul Neighborhood Dealer,(540) 722-9530,"360 Welltown Rd, Winchester, VA 22603, United States",4.6,61,18.7
80,Berkeley,U-Haul Neighborhood Dealer,(304) 579-4545,"149 Lynnhaven Dr Ste B, Martinsburg, WV 25404, United States",3.7,3,5.8
81,Berkeley,U-Haul Neighborhood Dealer,(304) 229-2236,"7328 Winchester Ave, Inwood, WV 25428, United States",,0,7.3
82,Berkeley,U-Haul Neighborhood Dealer,(304) 229-4884,"357 Middleway Pike, Inwood, WV 25428, United States",3,2,7.9
83,Berkeley,U-Haul Neighborhood Dealer,(304) 263-3810,"2518 Williamsport Pike, Martinsburg, WV 25404, United States",,0,3.8
84,Berkeley,U-Haul Neighborhood Dealer,(540) 771-3555,"823 N Loudoun St, Winchester, VA 22601, United States",4.5,57,20.5
85,Berkeley,U-Haul Neighborhood Dealer,(304) 707-0209,"5078 Williamsport Pike # F, Martinsburg, WV 25404, United States",5,1,6.3
86,Berkeley,U-Haul Neighborhood Dealer,(304) 229-2236,"3199 Winchester Ave, Martinsburg, WV 25405, United States",,0,3.3
87,Berkeley,U-Haul Neighborhood Dealer,(304) 754-5983,"7475 Hedgesville Rd, Hedgesville, WV 25427, United States",3,2,8.0
88,Berkeley,U-Haul Neighborhood Dealer,(301) 733-4702,"327 E Wilson Blvd, Hagerstown, MD 21740, United States",4.3,16,17.3
89,Berkeley,U-Haul Neighborhood Dealer,(240) 647-3065,"12911 Clear Spring Rd, Clear Spring, MD 21722, United States",5,1,13.8
90,Berkeley,U-Haul Neighborhood Dealer,(301) 714-0431,"261 Frederick St, Hagerstown, MD 21740, United States",4,29,18.0
91,Berkeley,U-Haul Neighborhood Dealer,(240) 513-2140,"775 Frederick St, Hagerstown, MD 21740, United States",4.9,16,17.7
92,Berkeley,U-Haul Neighborhood Dealer,(240) 329-4176,"19941 Beaver Creek Rd, Hagerstown, MD 21740, United States",4.4,14,17.9
93,Berkeley,U-Haul Neighborhood Dealer,(240) 267-2025,"8 E Oak Ridge Dr, Hagerstown, MD 21740, United States",5,1,16.5
94,Berkeley,U-Haul Neighborhood Dealer,(240) 329-0100,"850 Pennsylvania Ave, Hagerstown, MD 21742, United States",4.5,6,19.0
95,Berkeley,U-Haul Neighborhood Dealer,(240) 267-2019,"15136 Bloyers Ave, Hagerstown, MD 21740, United States",,0,15.2
96,Berkeley,U-Haul Neighborhood Dealer,(240) 267-2990,"17319 Blaine Dr, Hagerstown, MD 21740, United States",,0,17.2
97,Berkeley,U-Haul Neighborhood Dealer,(240) 329-0366,"1845 Dual Hwy, Hagerstown, MD 21740, United States",5,1,18.1
98,Berkeley,U-Haul Neighborhood Dealer,(304) 229-4848,"9600 Winchester Ave, Bunker Hill, WV 25413, United States",3.5,2,9.6
99,Berkeley,Valley Structures Martinsburg,(304) 901-2404,"3485 Winchester Ave B, Martinsburg, WV 25405, United States",4.8,17,3.6
100,Berkeley,Wagner's Outdoor Express RV,(304) 274-9114,"128 Recreation Ln, Falling Waters, WV 25419, United States",4.4,217,10.0
101,Berkeley,"Wheatland Mini Storage, Sue Court, Martinsburg, WV",(304) 267-0425,"3 Sue Ct A, Martinsburg, WV 25405, United States",4.2,25,2.0
102,Jefferson,Allied Self Storage,(540) 662-9051,"136 Arbor Ct, Winchester, VA 22602, United States",4.7,66,22.7
103,Jefferson,Beaver Creek Mini-Storage,(301) 791-7852,"19941 Beaver Creek Rd, Hagerstown, MD 21740, United States",4.4,97,18.0
104,Jefferson,Brunswick Self Storage,(301) 834-3300,"602 W Potomac St, Brunswick, MD 21716, United States",4.6,62,9.1
105,Jefferson,"Charles Town Car Storage, llc",(304) 702-1025,"428 Flowing Acres Rd, Charles Town, WV 25414, United States",5,2,3.0
106,Jefferson,Charles Town Storage,(681) 677-4024,"835 E Washington St, Charles Town, WV 25414, United States",4.2,5,4.7
107,Jefferson,Cornerstone Landscape Supply,(304) 707-0437,"154 Wolfcraft Way, Charles Town, WV 25414, United States",4.5,151,3.3
108,Jefferson,Jefferson Mini Storage,(304) 728-6700,"501 N Mildred St, Ranson, WV 25438, United States",4.5,16,4.8
109,Jefferson,Loudoun Storage Solutions,(540) 822-4200,"15 E Broad Way, Lovettsville, VA 20180, United States",3.9,12,10.3
110,Jefferson,Patriot Storage,(304) 839-5151,"2380 Huyett Rd, Charles Town, WV 25414, United States",5,10,7.7
111,Jefferson,Rockwell's Mini Storage,(304) 724-7867,"165 Philip Ave, Charles Town, WV 25414, United States",4.7,31,3.1
112,Jefferson,Rt. 340 Harpers Ferry Indoor/Outdoor Flea Market,(304) 535-8120,"197 Halltown Rd, Harpers Ferry, WV 25425, United States",4.2,296,2.9
113,Jefferson,"Sandpiper Storage Shepherdstown, LLC",(304) 500-9322,"353 Sandpiper Ln, Shepherdstown, WV 25443, United States",4.5,42,6.0
114,Jefferson,Self Storage Plus,(304) 724-1005,"257 Keyes Ferry Rd, Charles Town, WV 25414, United States",4.3,152,4.2
115,Jefferson,Self Storage Plus,(304) 725-3100,"1186 N Mildred St, Ranson, WV 25438, United States",4.6,186,4.4
116,Jefferson,Shepherdstown Self Storage,(304) 876-8686,"1744 Shepherd Grade Rd, Shepherdstown, WV 25443, United States",4.7,106,7.5
117,Jefferson,U-Haul Moving & Storage of Frederick,(301) 624-5540,"400-410 Prospect Blvd, Frederick, MD 21701, United States",3.6,174,20.3
118,Jefferson,U-Haul Neighborhood Dealer,(304) 930-5031,"835 E Washington St Ste 108, Charles Town, WV 25414, United States",4.6,29,4.7
119,Jefferson,U-Haul Neighborhood Dealer,(304) 876-6925,"7735 Martinsburg Pike, Shepherdstown, WV 25443, United States",4.5,16,6.0
120,Jefferson,U-Haul Neighborhood Dealer,(304) 728-6403,"154 Wolfcraft Way, Charles Town, WV 25414, United States",3,1,3.3
121,Jefferson,U-Haul Neighborhood Dealer,(304) 535-1897,"3507 Mission Rd, Harpers Ferry, WV 25425, United States",4.3,8,10.2
122,Jefferson,U-Haul Neighborhood Dealer,(304) 728-4839,"630 N Mildred St, Ranson, WV 25438, United States",,0,4.7
123,Jefferson,U-Haul Neighborhood Dealer,(240) 735-4013,"19110 Keep Tryst Rd, Knoxville, MD 21758, United States",4.3,6,5.4
124,Jefferson,U-Haul Neighborhood Dealer,(540) 751-4233,"37221 E Richardson Ln, Purcellville, VA 20132, United States",4.6,25,14.8
125,Jefferson,U-Haul Neighborhood Dealer,(540) 821-2066,"606 E Main St, Berryville, VA 22611, United States",3.7,3,16.7
126,Jefferson,Valley Self Storage,(540) 328-2383,"37221 E Richardson Ln, Purcellville, VA 20132, United States",4.3,6,14.8
127,Morgan,Bauer Self Storage,(301) 724-9302,"11307 Eastman Rd NE and, 13209 Uhl Hwy SE, Cumberland, MD 21502, United States",4.1,15,23.0
128,Morgan,Big & Tinys Tavern,(304) 947-7772,"293 Henry W Miller Hwy, Paw Paw, WV 25434, United States",4.7,86,9.0
129,Morgan,Bikepath B&B,(304) 671-5153,"80 Winchester St, Paw Paw, WV 25434, United States",4.9,43,9.0
130,Morgan,Canal Cabins,(301) 338-3678,"143 Louie's Ln, Paw Paw, WV 25434, United States",5,62,9.1
131,Morgan,Coble Mini Storage,(304) 258-2043,"2614 Fairview Dr, Berkeley Springs, WV 25411, United States",3,2,8.0
132,Morgan,Cooper Mountain Storage,(304) 856-2272,"21 Laverne Dr, Augusta, WV 26704, United States",3.8,4,23.5
133,Morgan,Dollar General,(681) 620-1033,"273 Henry W Miller Hwy, Paw Paw, WV 25434, United States",3.9,116,8.9
134,Morgan,Green Ridge Canoe Outfitter llc,(301) 707-4622,"24 Depot St, Paw Paw, WV 25434, United States",5,18,9.0
135,Morgan,JKS Self Storage,(304) 268-4868,"52 Timber Ridge Rd, Berkeley Springs, WV 25411, United States",4,2,8.2
136,Morgan,KO Storage,(681) 290-3054,"5402 Valley Rd, Berkeley Springs, WV 25411, United States",4.8,81,2.5
137,Morgan,KO Storage,(304) 527-8494,"52 Kimber Ct, Berkeley Springs, WV 25411, United States",4.9,45,5.0
138,Morgan,KO Storage,(304) 355-0182,"10925 Valley Rd, Berkeley Springs, WV 25411, United States",4.8,58,7.0
139,Morgan,Mountain Life Kitchen,(304) 947-0196,"153 Winchester St, Paw Paw, WV 25434, United States",4.9,59,9.1
140,Morgan,Paw Paw Tunnel Trailhead,(301) 739-4200,"Oldtown, MD 21555, United States",4.8,163,8.9
141,Morgan,Stoney Creek Country Store,(304) 947-5152,"17094 Cacapon Rd, Great Cacapon, WV 25422, United States",4.9,25,8.2
142,Morgan,Storage Yard LLC,(814) 329-8065,"14358 Buck Valley Rd, Warfordsburg, PA 17267, United States",3,3,12.4
143,Morgan,The Heritage Trail Inn,(304) 359-0075,"66 Winchester St, Paw Paw, WV 25434, United States",5,20,9.0
144,Morgan,The Storage Yard,(301) 678-5875,"14420 Buck Valley Rd, Warfordsburg, PA 17267, United States",4.8,18,12.4
145,Morgan,U-Haul Neighborhood Dealer,(304) 867-4068,"99 Business Park Cir, Berkeley Springs, WV 25411, United States",3.3,6,2.6
146,Morgan,U-Haul Neighborhood Dealer,(301) 678-9820,"226 E Main St, Hancock, MD 21750, United States",5,9,10.8
147,Morgan,United States Postal Service,(800) 275-8777,"93 Winchester St, Paw Paw, WV 25434, United States",3.3,4,9.0
